Dataset,Frontier Size,Elapsed Time,Iteration
rand1000_010,1.7692307692307692,0.13025335384615383,1
rand1000_010,2.2291666666666665,0.09639466666666667,2
rand1000_010,2.4523809523809526,0.09244114285714285,3
rand1000_010,3.3636363636363638,0.09101090909090909,4
rand1000_010,4.04,0.08980223999999999,5
rand1000_020,2.107142857142857,0.12143385714285714,1
rand1000_020,4.325,0.0915548,2
rand1000_020,7.708860759493671,0.08801377215189873,3
rand1000_020,14.513157894736842,0.08678526315789474,4
rand1000_020,26.733333333333334,0.08694144000000001,5
rand1000_020,47.49333333333333,0.08618410666666666,6
rand1000_020,82.37333333333333,0.08688128,7
rand1000_020,132.21333333333334,0.08704725333333334,8
rand1000_020,195.57333333333332,0.08760576,9
rand1000_020,250.66666666666666,0.08867285333333334,10
rand1000_020,286.97333333333336,0.08844672,11
rand1000_020,285.6,0.08870143999999999,12
rand1000_020,251.98666666666668,0.08868437333333334,13
rand1000_020,201.29333333333332,0.08761898666666668,14
rand1000_020,148.17333333333335,0.08665472,15
rand1000_020,101.88,0.08592170666666667,16
rand1000_020,66.69333333333333,0.08628138666666667,17
rand1000_020,43.54929577464789,0.08600428169014084,18
rand1000_039,4.191919191919192,0.12278983838383838,1
rand1000_039,16.848484848484848,0.09549737373737374,2
rand1000_039,65.81818181818181,0.09190238383838384,3
rand1000_039,251.37373737373738,0.09370020202020202,4
rand1000_039,820.3636363636364,0.09773608080808081,5
rand1000_039,1803.7777777777778,0.10049325252525251,6
rand1000_039,2100.6464646464647,0.09773672727272727,7
rand1000_039,1302.1616161616162,0.09423353535353535,8
rand1000_039,653.1111111111111,0.09224662626262625,9
rand1000_039,316.85858585858585,0.0919970909090909,10
rand1000_039,141.3838383838384,0.08992387878787879,11
rand1000_039,59.17894736842105,0.08918231578947368,12
rand1000_039,27.67948717948718,0.08817107692307692,13
rand1000_078,7.62,0.1281082,1
rand1000_078,58.63,0.096944,2
rand1000_078,441.23,0.09573568,3
rand1000_078,2701.73,0.10716160000000001,4
rand1000_078,7486.84,0.1200192,5
rand1000_078,5866.07,0.11266656,6
rand1000_078,2426.39,0.1037632,7
rand1000_078,1234.01,0.09502656,8
rand1000_078,700.04,0.092752,9
rand1000_078,351.14,0.0913552,10
rand1000_078,161.5151515151515,0.08993357575757575,11
rand1000_078,77.75531914893617,0.08974740425531916,12
rand1000_078,39.303030303030305,0.08957624242424242,13
rand1000_1,15.38,0.1284656,1
rand1000_1,240.62,0.09908288000000001,2
rand1000_1,3466.74,0.11805056,3
rand1000_1,19750.81,0.15023519999999999,4
rand1000_1,20272.67,0.13814272,5
rand1000_1,7395.32,0.10862047999999999,6
rand1000_1,3248.53,0.10338272,7
rand1000_1,1777.6,0.09698432,8
rand1000_1,893.15,0.0928416,9
rand1000_1,374.53,0.09102624000000001,10
rand1000_1,150.0752688172043,0.08942073118279571,11
rand1000_3,31.62,0.13053344,1
rand1000_3,982.87,0.1051392,2
rand1000_3,21801.22,0.14949728,3
rand1000_3,63883.29,0.18510048,4
rand1000_3,33668.21,0.11928096,5
rand1000_3,8143.78,0.10558239999999999,6
rand1000_3,3317.86,0.10205312,7
rand1000_3,1596.77,0.0962752,8
rand1000_3,610.36,0.09190784,9
rand1000_3,231.04819277108433,0.08969407228915663,10
rand1000_6,61.33,0.12857756,1
rand1000_6,3842.34,0.12077536,2
rand1000_6,96428.6,0.36301312,3
rand1000_6,161572.16,0.27578304,4
rand1000_6,39217.0,0.12452928,5
rand1000_6,6406.79,0.107864,6
rand1000_6,2174.13,0.10175456000000001,7
rand1000_6,692.4948453608248,0.09437492783505154,8
rand1000_12,124.3,0.1355786,1
rand1000_12,15566.72,0.19140768000000002,2
rand1000_12,317906.48,0.7005139200000001,3
rand1000_12,260912.53,0.18415584,4
rand1000_12,29441.22,0.11711935999999999,5
rand1000_12,3975.9,0.10583616,6
rand1000_12,969.9555555555555,0.09908906666666667,7
rand1000_25,248.31,0.13843842,1
rand1000_25,61947.42,0.50821472,2
rand1000_25,859724.0,1.04038578,3
rand1000_25,289048.8,0.17428832,4
rand1000_25,18018.62,0.11481856,5
rand1000_25,2313.8958333333335,0.10181266666666666,6
rand1000_50,499.28,0.13961982,1
rand1000_50,249437.1,1.0105030000000002,2
rand1000_50,1878872.79,1.24882648,3
rand1000_50,339046.35,0.18732,4
rand1000_50,11338.01,0.11880255999999999,5
rand1000_100,999.0,0.14325086,1
rand1000_100,998001.0,1.961054,2
rand1000_100,2077730.19,1.23187556,3
rand1000_100,302577.12,0.19479712,4
rand2000_010,2.303370786516854,0.1341796404494382,1
rand2000_010,4.304878048780488,0.09837931707317074,2
rand2000_010,8.818181818181818,0.09238483116883117,3
rand2000_010,17.05263157894737,0.09083957894736842,4
rand2000_010,34.054054054054056,0.0890892972972973,5
rand2000_010,63.78378378378378,0.09040086486486486,6
rand2000_010,114.58108108108108,0.08970854054054053,7
rand2000_010,194.7027027027027,0.09059805405405405,8
rand2000_010,308.1216216216216,0.09161254054054054,9
rand2000_010,429.4189189189189,0.09276237837837838,10
rand2000_010,536.0945945945946,0.09248216216216217,11
rand2000_010,580.7702702702703,0.09266897297297297,12
rand2000_010,554.7702702702703,0.09218162162162162,13
rand2000_010,479.2837837837838,0.09087524324324324,14
rand2000_010,383.31081081081084,0.09089643243243244,15
rand2000_010,289.6756756756757,0.09002032432432432,16
rand2000_010,208.3108108108108,0.08971675675675675,17
rand2000_010,144.02702702702703,0.08915632432432433,18
rand2000_010,93.01351351351352,0.08853362162162162,19
rand2000_020,3.7142857142857144,0.13355332653061225,1
rand2000_020,14.711340206185566,0.0983059793814433,2
rand2000_020,56.77319587628866,0.09316486597938144,3
rand2000_020,218.49484536082474,0.09238367010309279,4
rand2000_020,783.659793814433,0.09670564948453608,5
rand2000_020,2271.3505154639174,0.1003421030927835,6
rand2000_020,4118.030927835051,0.10082309278350515,7
rand2000_020,3880.4123711340208,0.10522292783505155,8
rand2000_020,2331.0515463917527,0.10012239175257731,9
rand2000_020,1313.3505154639174,0.0950898144329897,10
rand2000_020,762.3711340206186,0.09238564948453609,11
rand2000_020,420.12371134020617,0.09178061855670104,12
rand2000_020,218.20618556701032,0.08965047422680412,13
rand2000_020,103.9381443298969,0.08968346391752578,14
rand2000_020,47.120879120879124,0.08859358241758242,15
rand2000_020,26.454545454545453,0.08865018181818182,16
rand2000_039,7.37,0.1297018,1
rand2000_039,59.12,0.09707392000000001,2
rand2000_039,460.41,0.09514976000000001,3
rand2000_039,3193.88,0.10646143999999999,4
rand2000_039,12575.18,0.11327776,5
rand2000_039,15076.49,0.12414367999999999,6
rand2000_039,7561.85,0.10784608000000001,7
rand2000_039,3812.12,0.10274464,8
rand2000_039,2271.93,0.09829376,9
rand2000_039,1272.66,0.09289024,10
rand2000_039,643.96,0.09104096,11
rand2000_039,297.6,0.09053504,12
rand2000_039,123.62626262626263,0.08894965656565657,13
rand2000_039,53.24096385542169,0.0885910361445783,14
rand2000_078,15.96,0.11832606,1
rand2000_078,249.83,0.09485215999999999,2
rand2000_078,3703.55,0.11508128,3
rand2000_078,30210.85,0.14039936,4
rand2000_078,45202.78,0.15606463999999998,5
rand2000_078,20883.06,0.11573568,6
rand2000_078,7984.77,0.10509984,7
rand2000_078,4407.32,0.10284768,8
rand2000_078,2397.15,0.0984256,9
rand2000_078,1207.25,0.09377408000000001,10
rand2000_078,545.72,0.09141536,11
rand2000_078,243.14893617021278,0.0898192340425532,12
rand2000_078,117.72368421052632,0.08828757894736843,13
rand2000_1,31.1,0.12426140000000001,1
rand2000_1,978.4,0.10126976000000001,2
rand2000_1,25601.29,0.15026112,3
rand2000_1,120730.95,0.37678048,4
rand2000_1,92822.89,0.14608384,5
rand2000_1,26074.18,0.11194784,6
rand2000_1,10160.77,0.10422464,7
rand2000_1,5315.89,0.10183455999999999,8
rand2000_1,2410.42,0.09876064,9
rand2000_1,903.66,0.09282463999999999,10
rand2000_1,297.2631578947368,0.0898048,11
rand2000_3,63.15,0.13413728,1
rand2000_3,3951.48,0.12168063999999999,2
rand2000_3,137445.83,0.23587423999999999,3
rand2000_3,331787.9,0.57608096,4
rand2000_3,111250.24,0.13770976,5
rand2000_3,20516.77,0.11111808,6
rand2000_3,6810.89,0.10469312,7
rand2000_3,2505.89,0.10046208,8
rand2000_3,808.5263157894736,0.09352825263157895,9
rand2000_6,125.1,0.13064831999999998,1
rand2000_6,15629.11,0.19335871999999998,2
rand2000_6,491958.7,0.76721728,3
rand2000_6,509348.33,0.34452032000000005,4
rand2000_6,101145.78,0.12296512,5
rand2000_6,16507.85,0.10423552000000001,6
rand2000_6,4679.646464646465,0.09637915151515153,7
rand2000_6,1004.6516853932584,0.09108278651685393,8
rand2000_12,251.52,0.13422976,1
rand2000_12,62748.77,0.5412355200000001,2
rand2000_12,1453794.45,1.19927472,3
rand2000_12,628258.19,0.24862336,4
rand2000_12,70960.13,0.12513184,5
rand2000_12,9841.83,0.10664544,6
rand2000_25,497.71,0.13811904,1
rand2000_25,249111.5,1.0373311,2
rand2000_25,3525325.26,1.5848015000000002,3
rand2000_25,872137.99,0.24452768,4
rand2000_25,47743.01,0.13024224,5
rand2000_50,1000.33,0.13639266,1
rand2000_50,1000729.12,1.9844696,2
rand2000_50,4240379.02,1.8831247,3
rand2000_50,1120165.82,0.27135968,4
rand2000_50,38213.19,0.13055456,5
rand2000_100,1999.0,0.12750788,1
rand2000_100,3996001.0,3.8816539999999997,2
rand2000_100,5963336.84,1.8019913600000002,3
rand2000_100,959599.96,0.28207072,4
rand3000_010,3.3191489361702127,0.11861040425531916,1
rand3000_010,9.936170212765957,0.092016,2
rand3000_010,28.638297872340427,0.08923268085106383,3
rand3000_010,84.05319148936171,0.08860527659574469,4
rand3000_010,242.86170212765958,0.08901140425531916,5
rand3000_010,645.563829787234,0.09204799999999999,6
rand3000_010,1488.5531914893618,0.09469174468085106,7
rand3000_010,2606.5851063829787,0.09714314893617021,8
rand3000_010,3123.074468085106,0.09750059574468085,9
rand3000_010,2654.936170212766,0.09465259574468085,10
rand3000_010,1834.712765957447,0.09271387234042554,11
rand3000_010,1131.063829787234,0.09149072340425532,12
rand3000_010,643.8404255319149,0.09006706382978723,13
rand3000_010,354.6489361702128,0.08924868085106383,14
rand3000_010,188.81914893617022,0.087488,15
rand3000_010,103.12765957446808,0.08727795744680852,16
rand3000_010,55.146067415730336,0.08725608988764046,17
rand3000_010,36.01428571428571,0.08605622857142857,18
rand3000_020,5.68,0.11979004,1
rand3000_020,32.44,0.09255648000000001,2
rand3000_020,187.22,0.09014528000000001,3
rand3000_020,1039.02,0.09728640000000001,4
rand3000_020,4817.14,0.1023008,5
rand3000_020,12445.44,0.11092864000000001,6
rand3000_020,12421.13,0.10806784,7
rand3000_020,6690.13,0.10146271999999999,8
rand3000_020,3714.07,0.10051168,9
rand3000_020,2265.44,0.09519551999999999,10
rand3000_020,1328.31,0.09228415999999999,11
rand3000_020,742.94,0.09017504000000001,12
rand3000_020,393.83,0.08785888,13
rand3000_020,186.7835051546392,0.08727719587628865,14
rand3000_020,87.33333333333333,0.08672441379310344,15
rand3000_039,11.61,0.13339582,1
rand3000_039,134.66,0.09844704,2
rand3000_039,1541.51,0.10246912,3
rand3000_039,14260.01,0.11469632,4
rand3000_039,44004.24,0.15184896,5
rand3000_039,34738.11,0.12316224,6
rand3000_039,14938.2,0.10747488000000001,7
rand3000_039,8133.82,0.10271968,8
rand3000_039,5056.79,0.10120928,9
rand3000_039,2991.11,0.0986512,10
rand3000_039,1620.82,0.09472448,11
rand3000_039,787.42,0.0902016,12
rand3000_039,357.1515151515151,0.08855725252525252,13
rand3000_039,174.6067415730337,0.08785258426966293,14
rand3000_078,23.23,0.1316832,1
rand3000_078,546.37,0.1005696,2
rand3000_078,11894.6,0.13496288,3
rand3000_078,97388.58,0.19377408,4
rand3000_078,116319.37,0.34200544,5
rand3000_078,44169.56,0.12255487999999999,6
rand3000_078,16503.41,0.10594752,7
rand3000_078,8905.46,0.1022496,8
rand3000_078,4700.2,0.10001504,9
rand3000_078,2110.52,0.09582368000000001,10
rand3000_078,794.72,0.09061408,11
rand3000_078,267.3333333333333,0.08791964444444444,12
rand3000_1,46.5,0.13781758,1
rand3000_1,2170.29,0.11358112000000001,2
rand3000_1,78600.95,0.18126463999999998,3
rand3000_1,326678.48,0.61220224,4
rand3000_1,181986.7,0.16133792,5
rand3000_1,48620.7,0.12211551999999999,6
rand3000_1,17002.14,0.11254368,7
rand3000_1,8101.1,0.1068624,8
rand3000_1,3380.88,0.1046032,9
rand3000_1,1128.234693877551,0.09825044897959183,10
rand3000_1,327.6625,0.0936716,11
rand3000_3,92.35,0.14340354,1
rand3000_3,8660.37,0.16317247999999998,2
rand3000_3,374925.19,0.54903456,3
rand3000_3,678436.85,0.69666496,4
rand3000_3,196931.04,0.14928032,5
rand3000_3,37948.64,0.114208,6
rand3000_3,12287.72,0.1055936,7
rand3000_3,3706.37,0.10073824,8
rand3000_3,854.943820224719,0.09453267415730338,9
rand3000_6,186.02,0.13677566,1
rand3000_6,34818.97,0.34714656,2
rand3000_6,1223535.96,0.9829058,3
rand3000_6,867564.63,0.23091968000000002,4
rand3000_6,178387.84,0.1347968,5
rand3000_6,32276.95,0.1140048,6
rand3000_6,6893.25,0.10473663999999999,7
rand3000_12,373.55,0.1353098,1
rand3000_12,139934.5,0.79903936,2
rand3000_12,3558886.4,1.6192005,3
rand3000_12,1213745.8,0.26650272,4
rand3000_12,110099.02,0.13639488,5
rand3000_12,10553.63,0.10592383999999999,6
rand3000_25,747.22,0.13872356,1
rand3000_25,560451.42,1.5147110000000001,2
rand3000_25,6546076.32,2.2367956,3
rand3000_25,1819665.09,0.34065952000000005,4
rand3000_25,93230.72,0.1497312,5
rand3000_50,1497.81,0.14976096,1
rand3000_50,2245386.08,2.9464228,2
rand3000_50,7639960.54,3.0141666,3
rand3000_50,2338806.09,0.40071456,4
rand3000_50,36646.58,0.15325376000000002,5
rand3000_100,2999.0,0.14888764,1
rand3000_100,8994001.0,5.8386498,2
rand3000_100,12450558.43,2.6693364,3
rand3000_100,1901635.91,0.41202143999999996,4
rand4000_010,3.806122448979592,0.13034967346938775,1
rand4000_010,14.744897959183673,0.09605844897959184,2
rand4000_010,56.12244897959184,0.09120457142857143,3
rand4000_010,214.1734693877551,0.09140016326530613,4
rand4000_010,793.4183673469388,0.09564081632653061,5
rand4000_010,2593.9285714285716,0.10006334693877551,6
rand4000_010,6159.602040816327,0.10355918367346939,7
rand4000_010,8395.673469387755,0.10985306122448979,8
rand4000_010,6537.755102040816,0.1056901224489796,9
rand4000_010,3959.4489795918366,0.10306710204081633,10
rand4000_010,2333.061224489796,0.0976502857142857,11
rand4000_010,1332.8265306122448,0.09350040816326531,12
rand4000_010,728.9489795918367,0.09118236734693877,13
rand4000_010,377.3469387755102,0.08956048979591837,14
rand4000_010,176.74489795918367,0.08818448979591836,15
rand4000_010,78.21052631578948,0.08814181052631578,16
rand4000_010,35.963855421686745,0.08756356626506023,17
rand4000_020,7.76,0.12394914,1
rand4000_020,60.91,0.09459744,2
rand4000_020,474.5,0.09356608,3
rand4000_020,3491.1,0.10541568,4
rand4000_020,18011.37,0.11376736,5
rand4000_020,31774.08,0.13417632,6
rand4000_020,19953.86,0.1128256,7
rand4000_020,9744.66,0.10470496000000001,8
rand4000_020,5569.99,0.1020416,9
rand4000_020,3332.67,0.09985279999999999,10
rand4000_020,1858.05,0.09468320000000001,11
rand4000_020,939.81,0.09163871999999999,12
rand4000_020,412.92,0.09043295999999999,13
rand4000_020,170.07142857142858,0.0885214693877551,14
rand4000_020,76.16666666666667,0.08751384615384615,15
rand4000_039,15.32,0.12726916,1
rand4000_039,236.83,0.09723968,2
rand4000_039,3629.45,0.1164912,3
rand4000_039,39378.59,0.13154111999999998,4
rand4000_039,93492.44,0.26097376,5
rand4000_039,60214.54,0.12954496000000001,6
rand4000_039,23437.43,0.11036671999999999,7
rand4000_039,12587.11,0.10583936,8
rand4000_039,7457.95,0.10394911999999999,9
rand4000_039,4120.05,0.10213760000000001,10
rand4000_039,2062.12,0.09772672,11
rand4000_039,916.06,0.09356224,12
rand4000_039,361.265306122449,0.09133616326530612,13
rand4000_039,144.26582278481013,0.08937356962025317,14
rand4000_078,31.0,0.14146972,1
rand4000_078,967.91,0.10674016,2
rand4000_078,27614.94,0.15270944,3
rand4000_078,208011.67,0.37284128000000005,4
rand4000_078,220113.01,0.34856960000000003,5
rand4000_078,75625.1,0.13236512,6
rand4000_078,24310.46,0.11045728,7
rand4000_078,12232.45,0.10593888,8
rand4000_078,6080.18,0.1029936,9
rand4000_078,2706.56,0.10024544,10
rand4000_078,1018.95,0.0953824,11
rand4000_078,352.2659574468085,0.09150740425531916,12
rand4000_1,62.59,0.13881501999999998,1
rand4000_1,3928.6,0.12321823999999999,2
rand4000_1,177750.12,0.21648256,3
rand4000_1,654079.14,0.7220207999999999,4
rand4000_1,258589.88,0.159032,5
rand4000_1,64980.95,0.11542464000000001,6
rand4000_1,22716.45,0.10715712,7
rand4000_1,9723.3,0.10169984,8
rand4000_1,3229.25,0.09803487999999999,9
rand4000_1,877.1612903225806,0.09316197849462365,10
rand4000_3,124.67,0.13997852,1
rand4000_3,15545.11,0.20609664,2
rand4000_3,759515.68,0.775616,3
rand4000_3,972580.97,0.60484736,4
rand4000_3,284505.58,0.16079552,5
rand4000_3,64521.68,0.11900192000000001,6
rand4000_3,20289.59,0.10920095999999999,7
rand4000_3,5300.55,0.10374688000000001,8
rand4000_3,994.0963855421687,0.09657137349397589,9
rand4000_6,250.44,0.1462842,1
rand4000_6,62476.89,0.55104672,2
rand4000_6,2359483.05,1.2922453200000001,3
rand4000_6,1305658.23,0.3142432,4
rand4000_6,250217.22,0.15033952,5
rand4000_6,42746.28,0.1187552,6
rand4000_6,6284.05,0.10757376,7
rand4000_12,501.79,0.13804768,1
rand4000_12,251130.61,1.0414465,2
rand4000_12,6334899.98,2.0651156,3
rand4000_12,2018816.89,0.37137376000000005,4
rand4000_12,177488.65,0.15847744,5
rand4000_12,13090.69,0.11158048000000001,6
rand4000_25,1000.23,0.12941474,1
rand4000_25,999319.27,1.9747619,2
rand4000_25,8425040.91,2.6055821,3
rand4000_25,3082665.8,0.435632,4
rand4000_25,225420.19,0.16894784000000002,5
rand4000_50,1996.98,0.13744066,1
rand4000_50,3993947.16,3.9155901,2
rand4000_50,12607807.42,3.5445040999999997,3
rand4000_50,3944814.28,0.5471718400000001,4
rand4000_100,3999.0,0.12671906,1
rand4000_100,15992001.0,7.764193199999999,2
rand4000_100,21504222.6,3.1790301999999997,3
rand4000_100,2764868.61,0.5539056,4
rand5000_010,4.878787878787879,0.1353929898989899,1
rand5000_010,24.343434343434343,0.09750723232323233,2
rand5000_010,119.43434343434343,0.09256565656565656,3
rand5000_010,586.060606060606,0.09532573737373738,4
rand5000_010,2644.7676767676767,0.09991757575757576,5
rand5000_010,9169.434343434343,0.10669478787878789,6
rand5000_010,16524.656565656565,0.11361551515151515,7
rand5000_010,13902.59595959596,0.10725527272727271,8
rand5000_010,8036.272727272727,0.10328210101010102,9
rand5000_010,4687.414141414141,0.10166173737373738,10
rand5000_010,2862.161616161616,0.0992190707070707,11
rand5000_010,1673.1616161616162,0.09558561616161615,12
rand5000_010,925.3535353535353,0.09260218181818182,13
rand5000_010,481.14141414141415,0.09079789898989898,14
rand5000_010,231.04040404040404,0.08963523232323234,15
rand5000_010,108.34020618556701,0.0879280824742268,16
rand5000_010,56.48148148148148,0.08719367901234568,17
rand5000_020,10.03,0.13480256000000002,1
rand5000_020,96.87,0.1011136,2
rand5000_020,941.53,0.10088192,3
rand5000_020,8334.91,0.11990335999999999,4
rand5000_020,41410.98,0.13253216,5
rand5000_020,54754.49,0.14456416,6
rand5000_020,29607.78,0.11828352,7
rand5000_020,14117.72,0.10828896,8
rand5000_020,8332.86,0.10499872,9
rand5000_020,4968.12,0.10389343999999999,10
rand5000_020,2822.36,0.10026208,11
rand5000_020,1446.38,0.0953792,12
rand5000_020,656.25,0.0932032,13
rand5000_020,260.56,0.090896,14
rand5000_020,97.42222222222222,0.09023751111111111,15
rand5000_039,19.3,0.13605404,1
rand5000_039,375.7,0.09936832000000001,2
rand5000_039,7112.97,0.12704416,3
rand5000_039,83886.03,0.16604832000000003,4
rand5000_039,167105.11,0.36482304,5
rand5000_039,91089.61,0.13208224,6
rand5000_039,33365.47,0.11164192,7
rand5000_039,16374.07,0.10565632000000001,8
rand5000_039,9149.59,0.10266752,9
rand5000_039,4745.41,0.101232,10
rand5000_039,2157.89,0.09638336,11
rand5000_039,862.63,0.0912912,12
rand5000_039,305.2755102040816,0.08906742857142856,13
rand5000_039,111.75,0.08896044444444445,14
rand5000_078,39.24,0.13774786,1
rand5000_078,1535.62,0.10843104,2
rand5000_078,53554.25,0.16655743999999997,3
rand5000_078,372687.15,0.68009056,4
rand5000_078,304034.78,0.17526751999999998,5
rand5000_078,103004.68,0.12028256000000001,6
rand5000_078,35650.82,0.10843456,7
rand5000_078,17603.27,0.10471424000000001,8
rand5000_078,8409.89,0.10126656,9
rand5000_078,3522.78,0.09928864000000001,10
rand5000_078,1235.15,0.0947344,11
rand5000_078,393.01162790697674,0.0898299534883721,12
rand5000_1,76.66,0.13669636000000002,1
rand5000_1,5978.57,0.13970944,2
rand5000_1,316818.01,0.26019136,3
rand5000_1,1015458.29,0.7724137600000001,4
rand5000_1,365245.62,0.1695344,5
rand5000_1,88063.28,0.12034464,6
rand5000_1,30376.16,0.11133791999999999,7
rand5000_1,12178.06,0.10438976,8
rand5000_1,3594.95,0.1011552,9
rand5000_1,816.1460674157304,0.09511047191011235,10
rand5000_3,158.49,0.14214272,1
rand5000_3,24780.02,0.2764016,2
rand5000_3,1285642.11,0.9597651399999999,3
rand5000_3,1258494.03,0.38498944,4
rand5000_3,393903.89,0.16027456,5
rand5000_3,92989.32,0.12182816,6
rand5000_3,27338.44,0.10953856000000001,7
rand5000_3,5779.1,0.10359871999999999,8
rand5000_6,313.62,0.14424125999999998,1
rand5000_6,97921.69,0.68869376,2
rand5000_6,3886598.05,1.5687761,3
rand5000_6,1881279.82,0.34726080000000004,4
rand5000_6,341686.72,0.16414272,5
rand5000_6,55682.3,0.12038944000000001,6
rand5000_6,6680.343434343435,0.10480614141414141,7
rand5000_12,623.56,0.14464514,1
rand5000_12,389706.27,1.2807437,2
rand5000_12,8223913.07,2.4267129,3
rand5000_12,3080398.97,0.45289088,4
rand5000_12,312473.65,0.18653728,5
rand5000_12,18142.909090909092,0.11472129292929292,6
rand5000_25,1251.47,0.14638046,1
rand5000_25,1563325.2,2.4644083,2
rand5000_25,11550399.03,3.4900144999999996,3
rand5000_25,4623937.17,0.5972755200000001,4
rand5000_25,277770.44,0.21116320000000002,5
rand5000_50,2497.22,0.15462692,1
rand5000_50,6241171.3,4.8940201000000005,2
rand5000_50,18920511.76,3.9344914,3
rand5000_50,5859335.45,0.73002304,4
rand5000_100,4999.0,0.14784732,1
rand5000_100,24990001.0,9.7095318,2
rand5000_100,33395919.48,4.1351492,3
rand5000_100,3775394.77,0.7637264,4
rand10000_010,9.98,0.13736,1
rand10000_010,99.08,0.09856512,2
rand10000_010,964.85,0.1001072,3
rand10000_010,8944.17,0.11206592,4
rand10000_010,58109.87,0.13056672,5
rand10000_010,114279.0,0.15939808,6
rand10000_010,76789.74,0.12906304000000002,7
rand10000_010,36684.14,0.11392672,8
rand10000_010,21899.37,0.1078944,9
rand10000_010,13898.82,0.10579904,10
rand10000_010,8454.11,0.1032208,11
rand10000_010,4799.69,0.10262848,12
rand10000_010,2488.94,0.09937599999999999,13
rand10000_010,1188.9,0.09535935999999999,14
rand10000_010,511.32,0.09191936,15
rand10000_010,203.30927835051546,0.08974119587628866,16
rand10000_010,85.3875,0.0895188,17
rand10000_020,19.62,0.13970459999999998,1
rand10000_020,387.58,0.10416703999999999,2
rand10000_020,7472.62,0.12957568,3
rand10000_020,109572.02,0.15098208,4
rand10000_020,323618.06,0.6560604800000001,5
rand10000_020,212869.12,0.15744352,6
rand10000_020,94008.15,0.12428736000000001,7
rand10000_020,43725.56,0.11266783999999999,8
rand10000_020,25538.65,0.11001568,9
rand10000_020,14821.15,0.10616032,10
rand10000_020,7772.53,0.10370464,11
rand10000_020,3691.25,0.10192672,12
rand10000_020,1494.58,0.09779232,13
rand10000_020,540.6020408163265,0.09388930612244899,14
rand10000_020,201.3734939759036,0.09141359036144579,15
rand10000_039,38.52,0.1394557,1
rand10000_039,1503.16,0.11257792,2
rand10000_039,55439.76,0.17419904,3
rand10000_039,618137.83,0.69194688,4
rand10000_039,584851.89,0.2893776,5
rand10000_039,253701.37,0.14070336,6
rand10000_039,103460.2,0.11952223999999999,7
rand10000_039,51075.27,0.11119072,8
rand10000_039,26467.13,0.10683904,9
rand10000_039,11986.7,0.103328,10
rand10000_039,4546.61,0.10135584,11
rand10000_039,1446.8,0.09650784,12
rand10000_039,422.2307692307692,0.0913505054945055,13
rand10000_078,77.76,0.1422851,1
rand10000_078,6070.97,0.14085216,2
rand10000_078,383182.6,0.26683935999999997,3
rand10000_078,1720238.73,0.92092124,4
rand10000_078,800509.4,0.22565472,5
rand10000_078,271482.26,0.1416512,6
rand10000_078,104572.2,0.11836767999999999,7
rand10000_078,45629.01,0.10812063999999999,8
rand10000_078,16471.28,0.10122272,9
rand10000_078,4387.85,0.09730976,10
rand10000_078,957.797619047619,0.09305904761904762,11
rand10000_1,157.95,0.14470877999999998,1
rand10000_1,24660.06,0.27836256,2
rand10000_1,1915251.04,0.8000336,3
rand10000_1,2317075.84,0.83938298,4
rand10000_1,1017027.78,0.25382336,5
rand10000_1,315567.06,0.15279712,6
rand10000_1,103143.39,0.12277504,7
rand10000_1,25615.08,0.10951872,8
rand10000_1,3302.050505050505,0.1017719595959596,9
rand10000_3,315.06,0.13847586,1
rand10000_3,98451.05,0.69136352,2
rand10000_3,6293824.27,1.860834,3
rand10000_3,3883979.46,0.5462783999999999,4
rand10000_3,1077552.24,0.24555584,5
rand10000_3,212519.91,0.14068735999999998,6
rand10000_3,34200.93,0.11298144,7
rand10000_6,626.64,0.12136670000000001,1
rand10000_6,391552.3,1.2695886,2
rand10000_6,14146461.49,2.9487105000000002,3
rand10000_6,6712243.14,0.7623798399999999,4
rand10000_6,1095670.36,0.26789632,5
rand10000_6,96718.68,0.11812896,6
rand10000_12,1252.27,0.11817757999999999,1
rand10000_12,1564220.83,2.4435785,2
rand10000_12,21398903.62,4.2728002,3
rand10000_12,11133949.25,1.1305293,4
rand10000_12,1243594.98,0.3263648,5
rand10000_25,2498.88,0.1567443,1
rand10000_25,6247849.72,4.8828504,2
rand10000_25,37468976.43,6.4195371,3
rand10000_25,16825890.18,1.6623724999999998,4
rand10000_25,223168.47,0.34197792,5
rand10000_50,4994.71,0.15233124,1
rand10000_50,24973961.87,9.813354,2
rand10000_50,68861036.78,7.796420899999999,3
rand10000_50,19189524.12,2.1575804,4
rand10000_100,9999.0,0.18798948,1
rand10000_100,99980001.0,20.077448999999998,2
rand10000_100,129089089.8,13.31091,3
rand10000_100,7030996.83,2.2586044000000003,4
rand20000_010,19.26,0.1367574,1
rand20000_010,377.91,0.10264864,2
rand20000_010,7337.82,0.13115232000000002,3
rand20000_010,123251.86,0.15273631999999998,4
rand20000_010,580007.49,0.5639542399999999,5
rand20000_010,442117.81,0.17105088,6
rand20000_010,229087.84,0.13161056000000002,7
rand20000_010,113498.8,0.11835904,8
rand20000_010,65492.82,0.11277088,9
rand20000_010,39072.74,0.10755072,10
rand20000_010,22124.42,0.10516064,11
rand20000_010,11296.6,0.10337695999999999,12
rand20000_010,5204.96,0.10296416000000001,13
rand20000_010,2110.22,0.09784448,14
rand20000_010,756.46,0.09356896,15
rand20000_010,247.05555555555554,0.09186666666666668,16
rand20000_020,38.39,0.13793248,1
rand20000_020,1506.71,0.10874207999999999,2
rand20000_020,57178.38,0.17491776,3
rand20000_020,976940.46,0.5255408,4
rand20000_020,1056599.2,0.44255616,5
rand20000_020,574790.2,0.17806560000000002,6
rand20000_020,274796.74,0.13511456,7
rand20000_020,145916.32,0.12024672,8
rand20000_020,80078.03,0.11269920000000001,9
rand20000_020,40024.88,0.10581215999999999,10
rand20000_020,17787.31,0.10258015999999999,11
rand20000_020,6681.47,0.09970848,12
rand20000_020,2102.626262626263,0.09580476767676767,13
rand20000_020,584.5842696629213,0.09068943820224719,14
rand20000_039,78.47,0.14307166000000002,1
rand20000_039,6129.09,0.142896,2
rand20000_039,427865.47,0.27282816,3
rand20000_039,2960523.37,1.05140562,4
rand20000_039,1692859.16,0.3046272,5
rand20000_039,725457.81,0.18479199999999998,6
rand20000_039,298066.5,0.13867968,7
rand20000_039,140759.56,0.12080256,8
rand20000_039,58780.58,0.11012672,9
rand20000_039,19084.27,0.10371392,10
rand20000_039,4422.32,0.09901824,11
rand20000_039,830.4302325581396,0.09467274418604651,12
rand20000_078,155.59,0.13256256,1
rand20000_078,24328.02,0.27240032,2
rand20000_078,2549277.47,0.50232032,3
rand20000_078,4385500.59,0.8983158400000001,4
rand20000_078,2509864.22,0.37218048000000004,5
rand20000_078,974381.96,0.21407295999999998,6
rand20000_078,330601.73,0.14039872,7
rand20000_078,99581.06,0.11444576,8
rand20000_078,18970.16,0.10208128,9
rand20000_078,2084.7252747252746,0.0944706813186813,10
rand20000_1,312.33,0.13962596,1
rand20000_1,97556.43,0.69186944,2
rand20000_1,9893534.79,2.2632025,3
rand20000_1,7625475.47,0.82551232,4
rand20000_1,3004697.49,0.41959808000000004,5
rand20000_1,763983.4,0.20482176,6
rand20000_1,167330.87,0.12675744,7
rand20000_1,15310.9,0.10403104,8
rand20000_3,622.79,0.1397312,1
rand20000_3,389417.08,1.2847948,2
rand20000_3,25018061.5,4.4168817,3
rand20000_3,14178852.61,1.4374449999999999,4
rand20000_3,3149033.1,0.5022976,5
rand20000_3,402295.58,0.18126367999999998,6
rand20000_3,14427.33,0.10122592,7
rand20000_6,1253.02,0.12115424000000001,1
rand20000_6,1566038.27,2.4549773,2
rand20000_6,39293915.88,5.7332533,3
rand20000_6,24909236.06,2.2888093,4
rand20000_6,4173613.9,0.6698422399999999,5
rand20000_6,63469.4,0.13514431999999998,6
rand20000_12,2497.45,0.15732292,1
rand20000_12,6243327.26,4.887384600000001,2
rand20000_12,71541348.86,8.8094863,3
rand20000_12,41210761.6,3.7429436,4
rand20000_12,1904080.4,0.7740544,5
rand20000_25,5000.66,0.16793278,1
rand20000_25,25003332.0,9.8601784,2
rand20000_25,134927388.73,13.805318999999999,3
rand20000_25,60310522.79,5.6835293,4
rand20000_50,10000.15,0.14381316,1
rand20000_50,99997228.72,18.837676,2
rand20000_50,259157225.37,22.392136999999998,3
rand20000_50,53151306.28,6.1838434,4
rand20000_100,19999.0,0.16356956,1
rand20000_100,399960001.0,39.247876,2
rand20000_100,497776709.92,41.467465000000004,3
rand20000_100,7191040.43,7.107396700000001,4
rand30000_010,29.58,0.13752132,1
rand30000_010,865.54,0.10532895999999999,2
rand30000_010,25081.25,0.15260992,3
rand30000_010,539400.05,0.19001536000000002,4
rand30000_010,1316307.56,0.6457664,5
rand30000_010,822599.16,0.20212416,6
rand30000_010,427866.59,0.15054592,7
rand30000_010,226138.46,0.12791616,8
rand30000_010,134418.03,0.11841312,9
rand30000_010,77261.95,0.11163168000000001,10
rand30000_010,41320.86,0.10618176,11
rand30000_010,20237.38,0.10282336,12
rand30000_010,8697.02,0.10001792,13
rand30000_010,3233.3,0.0973856,14
rand30000_010,974.6262626262626,0.09236557575757576,15
rand30000_010,336.4342105263158,0.08939326315789474,16
rand30000_020,57.84,0.13742878,1
rand30000_020,3394.69,0.12333376,2
rand30000_020,190400.52,0.22127648,3
rand30000_020,2932605.26,1.04218796,4
rand30000_020,2041260.81,0.32719679999999995,5
rand30000_020,1061050.07,0.21630175999999998,6
rand30000_020,494703.13,0.15641888,7
rand30000_020,258775.91,0.13026656,8
rand30000_020,131677.56,0.11794112,9
rand30000_020,56840.73,0.10798336000000001,10
rand30000_020,19534.08,0.10223392,11
rand30000_020,5131.19,0.09963616,12
rand30000_020,934.9285714285714,0.09298546938775511,13
rand30000_039,116.06,0.13920484,1
rand30000_039,13592.27,0.19749023999999998,2
rand30000_039,1353467.42,0.35941504,3
rand30000_039,5118937.54,1.01192746,4
rand30000_039,3427690.76,0.45691008000000005,5
rand30000_039,1652429.43,0.27686879999999997,6
rand30000_039,662159.42,0.1734144,7
rand30000_039,267762.8,0.13185184,8
rand30000_039,86897.28,0.11289215999999999,9
rand30000_039,18580.58,0.10186400000000001,10
rand30000_039,2413.9591836734694,0.09690155102040816,11
rand30000_078,238.35,0.14242468,1
rand30000_078,55828.34,0.5134335999999999,2
rand30000_078,7429373.44,1.38742434,3
rand30000_078,8662529.8,1.4418823,4
rand30000_078,4925195.47,0.60088736,5
rand30000_078,1761647.62,0.30570816,6
rand30000_078,526863.84,0.16830144,7
rand30000_078,114694.79,0.12056864,8
rand30000_078,11449.64,0.10419456,9
rand30000_1,467.74,0.14720674,1
rand30000_1,219263.31,0.99563906,2
rand30000_1,25084326.71,4.2966647,3
rand30000_1,16466569.78,1.623549,4
rand30000_1,5519669.62,0.69225504,5
rand30000_1,1108127.22,0.26472384,6
rand30000_1,143218.53,0.13029952,7
rand30000_3,939.57,0.1465197,1
rand30000_3,880872.22,1.8833224999999998,2
rand30000_3,45162649.51,6.8121075,3
rand30000_3,30305514.33,2.7632521000000003,4
rand30000_3,7560079.47,0.9486007599999999,5
rand30000_3,599146.45,0.21626208,6
rand30000_6,1873.82,0.15478366,1
rand30000_6,3513080.58,3.6849101,2
rand30000_6,82414888.81,9.3159001,3
rand30000_6,53752505.3,4.7887669,4
rand30000_6,6999443.36,1.2175856999999999,5
rand30000_12,3746.08,0.15287003999999998,1
rand30000_12,14046658.33,7.3279402000000005,2
rand30000_12,149145109.95,15.340926,3
rand30000_12,89293047.95,7.9075975000000005,4
rand30000_12,1385853.69,1.4450200000000002,5
rand30000_25,7501.94,0.12784508,1
rand30000_25,56263889.15,13.716277,2
rand30000_25,289354289.09,24.814382000000002,3
rand30000_25,122766525.81,10.7064194,4
rand30000_50,15007.93,0.14923326,1
rand30000_50,225117386.56,28.818741,2
rand30000_50,553139812.4,44.846669,3
rand30000_50,83647858.59,11.236324999999999,4
rand30000_100,29999.0,0.20877188,1
rand30000_100,899940001.0,78.584425,2
rand30000_100,1062025497.97,85.685217,3
rand30000_100,6709576.34,14.792520999999999,4
rand40000_010,38.71,0.1375283,1
rand40000_010,1512.81,0.11108416,2
rand40000_010,58226.97,0.17785247999999998,3
rand40000_010,1386903.18,0.29117248,4
rand40000_010,1940368.08,0.58126336,5
rand40000_010,1282349.11,0.24041408,6
rand40000_010,693674.08,0.17585248,7
rand40000_010,374303.75,0.1427056,8
rand40000_010,213196.23,0.12778528,9
rand40000_010,114752.5,0.11751584,10
rand40000_010,54043.06,0.10996,11
rand40000_010,21734.25,0.10424576,12
rand40000_010,7226.65,0.101144,13
rand40000_010,2001.66,0.09773696,14
rand40000_010,495.3095238095238,0.0926895238095238,15
rand40000_020,78.57,0.1354822,1
rand40000_020,6142.05,0.14306528,2
rand40000_020,452592.26,0.27604448000000004,3
rand40000_020,4995569.98,1.2829296,4
rand40000_020,3409325.66,0.44189632,5
rand40000_020,1800555.07,0.28427904000000004,6
rand40000_020,814182.71,0.18929216000000001,7
rand40000_020,395520.4,0.14524832,8
rand40000_020,181728.55,0.12311679999999998,9
rand40000_020,68726.62,0.11097632,10
rand40000_020,19542.82,0.1039344,11
rand40000_020,3989.5656565656564,0.10011862626262627,12
rand40000_020,678.5822784810126,0.09396901265822785,13
rand40000_039,157.52,0.14740896,1
rand40000_039,24600.74,0.28154016,2
rand40000_039,3098792.19,0.5377488,3
rand40000_039,7886406.23,1.22252516,4
rand40000_039,5703660.88,0.637992,5
rand40000_039,2809885.33,0.38478239999999997,6
rand40000_039,1066490.17,0.22494336,7
rand40000_039,372857.9,0.14800864,8
rand40000_039,93881.58,0.11782464000000001,9
rand40000_039,13597.73,0.10581792,10
rand40000_078,310.28,0.14657277999999999,1
rand40000_078,96990.59,0.6975897600000001,2
rand40000_078,14901430.42,2.3329092,3
rand40000_078,14555542.7,1.5442321,4
rand40000_078,7985659.85,0.84886976,5
rand40000_078,2589328.36,0.39500895999999996,6
rand40000_078,656915.54,0.1916112,7
rand40000_078,89439.93,0.1193472,8
rand40000_1,626.14,0.14674434,1
rand40000_1,391306.21,1.2922444,2
rand40000_1,41142220.7,6.2165853,3
rand40000_1,28043263.08,2.5896307000000003,4
rand40000_1,9274639.7,1.03508878,5
rand40000_1,1593504.16,0.30005536,6
rand40000_1,113103.53,0.09295232,7
rand40000_3,1249.24,0.13540508,1
rand40000_3,1561572.72,2.4721281,2
rand40000_3,69454357.47,6.6015174000000005,3
rand40000_3,52054423.64,4.5623422,4
rand40000_3,13312095.74,1.5762106,5
rand40000_3,591706.23,0.29887712,6
rand40000_6,2500.97,0.14064062,1
rand40000_6,6251626.75,4.871717100000001,2
rand40000_6,129229748.71,12.031595,3
rand40000_6,93034499.26,8.0541235,4
rand40000_6,10564439.08,1.9388794999999999,5
rand40000_12,5001.68,0.12836194,1
rand40000_12,25005427.32,9.1220314,2
rand40000_12,250702491.01,20.800317,3
rand40000_12,152621422.77,12.49991,4
rand40000_12,574484.08,2.2262459999999997,5
rand40000_25,9997.11,0.12457788,1
rand40000_25,99967939.14,18.50226,2
rand40000_25,494025652.82,38.690601,3
rand40000_25,197848291.09,17.350412,4
rand40000_50,20015.04,0.16679294,1
rand40000_50,400288177.76,39.869753,2
rand40000_50,952589280.72,74.683518,3
rand40000_50,105643440.75,17.321149000000002,4
